Type,Name,Request Count,Failure Count,Median Response Time,Average Response Time,Min Response Time,Max Response Time,Average Content Size,Requests/s,Failures/s,50%,66%,75%,80%,90%,95%,98%,99%,99.9%,99.99%,100%
grpc,/pb.AuthService/SignInUser,3,0,630.0,611.675944665573,219.26645900020958,988.8850829993316,491.0,0.0010138389089386771,0.0,630,630,990,990,990,990,990,990,990,990,990
grpc,/pb.VacancyService/CreateVacancy,291,0,87,349.731362319452,58.71983300312422,15256.812423998781,87.45017182130584,0.09834237416705169,0.0,87,110,160,200,550,1200,2700,7300,15000,15000,15000
grpc,/pb.VacancyService/DeleteVacancy,291,0,150.0,289.7666726632601,63.58912500218139,8482.943836999766,1.958762886597938,0.09834237416705169,0.0,150,170,190,310,690,1000,1200,1800,8500,8500,8500
grpc,/pb.VacancyService/GetVacancies,65,0,230.0,574.262506046328,100.83966700040037,7367.998462003015,100.0,0.021966509693671338,0.0,230,360,490,630,1300,2200,3100,7400,7400,7400,7400
grpc,/pb.VacancyService/GetVacancy,291,0,160.0,279.6946692542281,64.74879100278486,4836.720919000072,86.49828178694158,0.09834237416705169,0.0,160,180,200,250,540,940,1700,2000,4800,4800,4800
grpc,/pb.VacancyService/UpdateVacancy,291,0,160.0,324.7617213781587,70.65037500069593,6159.7288779994415,87.39862542955326,0.09834237416705169,0.0,160,190,240,330,610,1100,1700,3200,6200,6200,6200
,Aggregated,1232,0,150.0,325.611062159904,58.71983300312422,15256.812423998781,68.66477272727273,0.41634984527081675,0.0,150,180,210,310,640,1100,1900,3000,9300,15000,15000
