Type,Name,Request Count,Failure Count,Median Response Time,Average Response Time,Min Response Time,Max Response Time,Average Content Size,Requests/s,Failures/s,50%,66%,75%,80%,90%,95%,98%,99%,99.9%,99.99%,100%
grpc,/pb.AuthService/SignInUser,3,0,3800.0,4091.740780001904,2744.438377001643,5777.098170001409,491.0,0.04234193133825717,0.0,3800,3800,5800,5800,5800,5800,5800,5800,5800,5800,5800
grpc,/pb.VacancyService/CreateVacancy,12,0,91,107.08372583364205,61.14454099952127,181.79187500209082,87.33333333333333,0.1693677253530287,0.0,93,100,150,150,150,180,180,180,180,180,180
grpc,/pb.VacancyService/DeleteVacancy,12,0,150.0,709.9492190003124,114.22083299839869,2417.5940419991093,1.5,0.1693677253530287,0.0,160,190,2400,2400,2400,2400,2400,2400,2400,2400,2400
grpc,/pb.VacancyService/GetVacancies,2,0,220.0,2405.633771999419,216.95162499963772,4594.3159189992,100.0,0.028227954225504785,0.0,4600,4600,4600,4600,4600,4600,4600,4600,4600,4600,4600
grpc,/pb.VacancyService/GetVacancy,12,0,120.0,141.6461178329579,109.72583300099359,289.67474999808474,87.41666666666667,0.1693677253530287,0.0,120,120,160,160,180,290,290,290,290,290,290
grpc,/pb.VacancyService/UpdateVacancy,12,0,140.0,144.59134058415657,108.94970900335466,176.82525000054738,87.33333333333333,0.1693677253530287,0.0,140,160,170,170,170,180,180,180,180,180,180
,Aggregated,53,0,130.0,572.1836740191958,61.14454099952127,5777.098170001409,91.24528301886792,0.7480407869758767,0.0,130,160,180,190,2400,3800,4600,5800,5800,5800,5800
