Type,Name,Request Count,Failure Count,Median Response Time,Average Response Time,Min Response Time,Max Response Time,Average Content Size,Requests/s,Failures/s,50%,66%,75%,80%,90%,95%,98%,99%,99.9%,99.99%,100%
grpc,/pb.AuthService/SignInUser,3,0,160.0,358.44152833306,153.65216699865414,766.3680840014422,491.0,0.021491506791915322,0.0,160,160,770,770,770,770,770,770,770,770,770
grpc,/pb.VacancyService/CreateVacancy,15,0,230.0,274.3692725339012,58.821499998884974,843.7913759989897,87.33333333333333,0.10745753395957662,0.0,230,340,360,370,600,840,840,840,840,840,840
grpc,/pb.VacancyService/DeleteVacancy,15,0,300.0,296.6955557334586,115.08699999831151,602.9365419999522,2.0,0.10745753395957662,0.0,300,340,420,430,490,600,600,600,600,600,600
grpc,/pb.VacancyService/GetVacancies,4,0,93,138.55164574852097,81.3870419988234,230.59133299830137,10.0,0.02865534238922043,0.0,150,150,230,230,230,230,230,230,230,230,230
grpc,/pb.VacancyService/GetVacancy,15,0,220.0,264.9945140001364,112.44124999939231,590.0167510008032,87.6,0.10745753395957662,0.0,220,310,330,380,480,590,590,590,590,590,590
grpc,/pb.VacancyService/UpdateVacancy,15,0,190.0,239.0942943333357,102.4192500008212,583.8055419990269,87.6,0.10745753395957662,0.0,190,320,340,350,370,580,580,580,580,580,580
,Aggregated,67,0,200.0,265.02739876127976,58.821499998884974,843.7913759989897,81.80597014925372,0.47997698501944225,0.0,200,320,340,370,490,600,770,840,840,840,840
